,$MSFT,$AAPL,$TSLA,$AMZN,$NFLX,$META,$NVDA,$AMD
hottewhells,['12iqzh0'],,,,,,,
bbportali,['vyykio'],,,,['vyykio'],,,
MacroDragon1,['zk65n5'],,,,,,,
adamzito1,['w8xdp8'],,,,,,,
lawthrowaway101,['13dywvy'],,"['121q0hp', '12u30we', '12go0l1', '13rw52p', '1390tva', '13e0jsf', '12xltvp', '12l2d3x']",['131cpjh'],,,,
Lilly0806,['wc84vy'],,,,,,,
Reddevil44,['zdnm5t'],,,,,,,
Ihavethreetvs,['wnsw7o'],,,,,,,
Ijustdontkknoww,['120l9so'],,,,,,,
TradeTheZones,['132q8o7'],,,,,,['13sowgy'],
Astroman023,['10jwkgq'],,,,['10fvp9u'],['10nftbp'],,
Royalty32,['13rjik3'],,,,,,,['13rjik3']
neo4299610,['13ibcmv'],,,,,,,
sethrollins22,['12pcfpt'],['y7faya'],,,,,,
ALitterOfPugs,['v6821c'],,,,,,,
cmzer123,"['10ens1v', '10eji9f']",,,,,,,
stocks223344,['13eonwk'],,"['13gn3pc', '134idi8']",,,,,
tunaontheway,"['13dvaib', 'vsqsyv']",,,,,['135g7g7'],,
ICanFinallyRelax,['xa5ta9'],,,['xa5ta9'],,,,
JMichael12T,['x9fjzc'],,,['x9pizx'],,,,['xbojy7']
Silent_Sweet7030,['10lifak'],,,,,,,
Free_Annual_6379,['x7itvg'],,,,,,,
Nearby-Ad-2058,"['ydhdv8', 'ybkl3z']","['yeuylt', 'ysdxbq', 'yeuvo8']",,,,,,
YungChaky,"['xx1j1a', 'xx1yq7', 'xx1yh3']",,,,,,,['yicqaj']
danisfermi,['ydeqd9'],['yf2j09'],,,,,,
Necessary-Onion-7494,['10uqkve'],,,,,,,
WYNTKAUIMPB,['1329odv'],,,,,,,
Suspicious-Word-9514,['ydvuq0'],,,,,,,
Guysmarket,"['w69hk8', 'vaoptj', 'w91vth', 'vaevci']","['137z7xg', 'x6oms2', 'vfgi4j', 'z68fnt', 'vfy5ez', 'vaevci']","['12s8cfb', 'vaevci']","['vaoptj', 'vaevci']",['w3cwti'],,"['13ne5be', 'yx6rl6', 'yx0gth']",['wexhxz']
HisWife00000,['10e3sgf'],,,,,,,
zh2k1,['y515x4'],,,,,,,
rajkgulati,['z23uw6'],,,,,,,
Authorizer1,['13jgvp8'],,,,,,,
predictany007,"['13igt6u', 'w9cih5', '12zedri', '13j5014', '13rl2eq', '13fjz0w', '10jebai', 'z4ds4k', 'yd5z9e', 'ydzdkd', 'v2jz8g']","['y83owq', '13rl2eq', '136w8h8', '138ikrk', 'zf1an7', 'z6w3gv', 'z2uvbu', 'zs0tn0']","['13i691q', '12rq3pf', '12svh8b', '120qykr', '12aiun7', '11fst13', '12pefxi', '11jyvi0', '135jylq', '12ihzfg', 'vdlo6t', 'v3d5r9', 'v8gx2b', 'vglpad']","['13qudsg', '13rl2eq', 'z122gg', 'zya1j1', 'yv839x', 'yk6gny', 'ym3ymt', 'yf20mi', 'vdmcxs']","['12rqd26', '13pwxdb', '13l69lg', '10gdagf', '10g9v30', 'w1yzp8', 'w32ogg', 'y830n5', 'y3szzk', 'yl8umy', 'wlrqge', 'w2tmak']","['13ppjis', 'yldmuu', 'v44p5o']",,"['xy1yx2', 'weh5zm']"
CalmGains,['12ytt9u'],['137wdc6'],,,['12qxya3'],,,
PsychologicalTest781,['ywwwbv'],,,,,,['ywwwbv'],
MediumMission1386,['w9p4bp'],,,,,,,
WickedSensitiveCrew,"['13ia8cg', '1154egt', 'zrouhg', 'zvzi00', 'v8hln1']","['12qwfjn', 'zvzi00', '10jckme', 'zbtscx', 'yd4rdd', 'yd722x', 'x71h0c']",['12ekzkx'],"['zvzi00', 'zbq9l8']",,['zvzi00'],,
eichenes,['10klegt'],,,,,,,
EnsignElessar,['10guyv7'],,,,,,,
brentis,['137g619'],,['137g619'],,,,,
fd_dealer,['12bqhqi'],,,,,,,
aceadame,['10y2um5'],,,,,,,
gaurav0792,"['10kk8x1', '11fvirg']",['11fvirg'],,,['zmpx3s'],['116o2zl'],,
Conlo5,['xhz1yx'],,,,,,,
ChrisP68,['wsml3z'],,,,,,,
Kashyapm94,"['12yuikg', '10kgcjm']",,"['12s8m77', '10l9spv']",,,,,['yjkkh0']
Chance_Specific_1731,['123d6ws'],,['123d6ws'],,,,,
DaddyDersch,"['12yvp9l', '12yvqq0', '10kh5rn']","['xsd18z', 'yqwe59', 'xqrdms', 'xouv0s', 'yjkj3e', 'yspok9', 'y1jz0z', 'ypzpdb', 'ydhxta', 'xdi31a', 'yg18xd', 'xpv09i', 'yf36c2', 'xjjxiu', 'yclqzq', 'xvqiin', 'xrkmaf', 'yrvd6x', 'x9ektr', 'xyva3q', 'xlhzuv', 'y6lnjf', 'yvd380', 'yp27sx', 'xxki2h', 'yrv926', 'yqwcn9', 'ypzoe9', 'xvqh4q', 'ya8fq1', 'y98sk0', 'yspmzf', 'ykh4id', 'y1jwtw', 'yf355w', 'yclplu', 'y8j97a', 'xlhyrn', 'xoutjv', 'yjki3n', 'wv53rd', 'wykskp', 'xg3aky', 'wq6iox', 'xqrcj5', 'wpaxuc', 'xsd06f', 'xuvkhh', 'xdi0tz', 'yippzq', 'y7i089', 'xcnjk6', 'wkdtke', 'x1tqeb', 'ydhw4j', 'x4gsvz', 'x0z29o', 'x8fl3a', 'x3jndn', 'wrv9vd', 'xwlfwf', 'xm9afz', 'wxommn', 'xinmo0', 'wstgg9', 'yg170m', 'xrkl5t', 'wm1lv3', 'xyv39m', 'y0p5q8', 'wvz8qy', 'yle5jr', 'wen2z1', 'wqz4ab', 'xjjw9o', 'xa8xsf', 'wl894c', 'xefrw6', 'x9ehrq', 'xf957z', 'wdrm25', 'xkggza', 'x2nsy1', 'wn18jm', 'wjjm82', 'w5m593', 'w9qa5e', 'wbhbc6', 'wfhgxq', 'walaj3']","['12r45cv', '12s9361', '1144ms6', '11a9amh', '11ekw5w', '13fx4ew', '10s4em7', '1144jzz', '12r46qm', '111kd1a', '10r7cza', '1151w1p', '10swfsr', '10lck5y', '10xdo8k', 'zzdjrz', '11b2tte', '1139oz7', '10vix3k', '11fkooc', '10m611t', '11ekvd4', '119gddo', '10whaz6', '10kh5rn', 'zxm1lo', '10mxqy6', '107r4b9', '11a99tj', '10pe9li', '118fpg1', '10jo140', '11dndb9', '10qb907', '108osn2', '10fl2ur', '10z41c3', 'znwdfy', 'y6lnjf', 'za50z4', '105bsc3', 'yp27sx', 'xxki2h', '10eob3a', 'yrv926', 'zyi2z3', '10ac57k', 'yqwcn9', 'ypzoe9', 'z99zul', 'z4nxo1', '102kj7y', 'xvqh4q', 'ya8fq1', 'y98sk0', 'yspmzf', 'ykh4id', 'y1jwtw', 'yf355w', 'yclplu', 'ywfqdq', 'y8j97a', 'ztwsjv', 'xlhyrn', 'xoutjv', 'yjki3n', 'zsxxi3', 'zmwq4x', '10hcpkm', 'xqrcj5', 'yy6u65', 'yx6wfb', 'xsd06f', 'zl7w0l', 'zm3hqe', 'z79bbp', 'xuvkhh', 'y7i089', 'yippzq', 'z31ywq', 'ydhw4j', 'zxhap2', 'yyvts5', 'xwlfwf', 'z1c0bz', 'xm9afz', 'z29pxi', 'yg170m', 'xrkl5t', 'xyv39m', 'y0p5q8', 'yle5jr', 'xkggza']",,"['12r45cv', '12r46qm']","['12zyzqv', '12zzagw']","['13r0uu2', '13r0wga']","['vz5ejc', 'vzz7j9', 'w29gw7', 'w29flo', 'vz5dnq', 'vzz66v']"
workinguntil65oridie,['yf9iip'],,,,,,,
TitleReasonable4344,['1182iwm'],,,,,,,
leadout_kv,['xkjw8j'],,,,,,,
dont_downvote_SPECIL,['12hzfl9'],,,,,,,
nickytotherescue,['x73e0v'],,['wou7sx'],['w4i4yh'],,,,
nousemercenary,['10ekfj9'],,,,,,,
LunchInvesting,['xm5fuu'],,,,,,,
MyCatIsFuzzy,['ydtl52'],,,,,,,
belfastjim,['10hwday'],['10hwday'],,['10hwday'],,,,
msaleem,"['10s88q8', '10tv0xs', '10t0lwx']","['12buzi8', '10hueqy', '10lvspw', '10tv0xs', '10f7ibv']",,"['11xfwwa', '10hueqy', '1035yg6', '10tv0xs', '1046b2a', 'yqzgdk', '10t0lwx', 'v3lr6f']","['10juhvh', '1097x21']","['13m5yke', '11djv5g', '11f7pih', '1027i7o', '10tv0xs', 'zzuqfe', 'zogyrh', 'zkuo12', '10t0lwx', 'w2x8hc']",,['10root9']
apooroldinvestor,['yldcz8'],"['yldcz8', 'znxc73', 'xjt297']",,,,,,
Not_FinancialAdvice,['zg8c32'],,,,,,,
grimkhor,['120iaow'],,,,,,,
sclop123,['wa9e97'],,,,,,,
isaacgordon2020,['11321gp'],,,,,,,
kk7766,['10w6qwk'],,,,,,,
YouAlwaysHaveAChoice,['10ka88l'],,,['10ka88l'],,,,
TaediumVitae27,['11njclj'],,,,,,,
lunarcrush,['xl6cto'],,,,,,,
KnightRider67,['135m5t5'],,,,,,,
bwang29,['yf8b1n'],['yf8b1n'],,,['yf8b1n'],['yf8b1n'],,['yf8b1n']
Positive-Trifle3854,"['11dz46s', '11dz4n9']",,,,,,,
PleasantAnomaly,['yuzdx0'],"['ydraan', 'ydrbvk']",,,,,,
sab0tender,['10fiodh'],,,,,,,
shantired,['11yy8vo'],,,,,,,
ramdhakal10,"['yx3gky', 'yx3dqo']",,,,,,,
joethemaker22,['v9exxk'],,['vq33ui'],['veg6mk'],,,,
BeastlyBlue,['10l9rmd'],,,,,,,
Pick2,['w8tnns'],['12b074i'],,,,,,
DutchEastIndiaGang,['ygrxu3'],,,,,,,
Ok-Translator9972,['xtztvx'],,,,,,,
CranberryCurious8262,['117poku'],,,,['127fyv9'],,,['11rdkmr']
1bad68,['12zhtph'],,,,,,,
Big69MoneyMoves,['ydyh91'],,,,,,,
NoobInvester018,['137updu'],['139xgp2'],,,,,['13mfz75'],['137updu']
Chenz-Theking-3156,['zfie82'],,,"['zq7tdc', 'zfie82', 'z8vieh', 'yf3mdb']",,,['13rh1y5'],
rhetorical_twix,['ydwp4u'],,['v8jkbc'],,,,,
Slappy817,['12yyu0z'],,,,,,,
Gun-_-slinger,['12yxetr'],,,,,,,
ProBenji,['13bdnyu'],,,,,,,
Seasonax,['wxa94n'],,,,,,,
shafton,['xcf3f9'],,,,,,,
Niv-Izzet,['1125jtg'],,,,,,,
polloponzi,['v6dbh4'],['v6dbh4'],,['z3hx10'],,,['13r6dna'],
ArtichokePower,['138lqs1'],,,,,,,['138lqs1']
Leon3680,['137ye7q'],,,,,,,['137ye7q']
SavienKennedy,"['11nuu67', '11ps35y']",,,,,,,
Kooky_Lime1793,"['12yukuk', '13duftd']",,,,,,,
Mike_Ropenis,['12zk26m'],,,,,,,
TheWealthVed,['12zjqdp'],,['12sxcax'],,,,,
dennis77,['wikghr'],['wq010n'],['wikghr'],,,,,['wikghr']
cambridge_probs,"['y6ea6r', '103y4zl']",,"['zx9twn', '1034ury']",,['1095gb0'],,['10l0al9'],
gevham,['135229j'],['135229j'],,,,,,
wro_o,['yqtmc6'],,,,,,,
yoaverezzz,['wubx9v'],,,,,,,
Mundane_Depression_,['v3ffwt'],,,,,,,
OliveInvestor,['10ejmg7'],['10ejmg7'],"['11eemas', '102gzlu']","['10p6slc', '10sng4e', 'wxpfb3']",,,,
BaconPersuasion,['wofzq0'],,,,,,,
Foufou190,['12yvt0p'],['13awqy1'],,,,,,['xxhiym']
NPRjunkieDC,"['10at56y', '10n347x']",['11a4r6b'],,,,['vn2on7'],,
daynightcase,['111n0xz'],['vswzo8'],,['13r5llm'],,,['13r5llm'],
HolyMorti_1337,['10kuqwk'],,,,,,,
StockTrex,['125go0j'],,,['125go0j'],,,,
PizzaGuy94122,['w8uu71'],,,,,,,
Puginator,['10wajfm'],"['12pjlnd', '124zgnb', '10pkib2', '11zt7gt']","['10b923r', '13ruc5g', '129rlfw', '11frmg2', '113axql', '113xc3n', '10kmuai']","['11wky2r', '11q9s6w', '10mzeth', '10keumq', '111ircw']",,"['11r62p6', '10r6b7j', '1194tcj', '10qax3a']",,['10qb2lq']
dinosaur_trading,['y5qwi4'],,,,,,,
Major_Bandicoot_3239,"['10empu7', '104a6h0']",,['zwfkom'],['10f84rk'],,,,
zicxor,['z7z5ev'],,,,,,,
huntingharriet122,['12ddlkt'],,,,,,,
Raw_Rain,['vydod5'],,,['w4jwt9'],['vydod5'],"['vqljwe', 'voz0mi']",,
LostAbbott,"['13dwfws', '13dwdza']",,,,,,,
sleepapneainvestor,['v5rxlx'],,,,,,,
Shalaiyn,['xselyz'],['xpz6dd'],,,,,,
Unrealized_Fucks,['ydljp3'],,,,,,,
lburwell99,['xd5s7p'],,,,,,,
lowkey-zealous,['102xzm1'],,,,,,,
justemilyr,['110pl01'],,,,,,,
smithright,['12dz6w5'],,,,,,,
Just_Ad5166,['w6hkbs'],,,,,,,
City_Index,['111q6ke'],['yoh817'],"['10mdugd', 'z2jzbv']",,,,,
theepicone111,['10yrbbp'],['10yrbbp'],,,,,,
The_Godlike_Zeus,['128lv9a'],,,,,,,
ouliogroove,['11cziqk'],,,,,,,
sx711,['x2avbs'],['wuvuvb'],,,,"['vc1n9x', 'x2avbs']",,
Crazyleggggs,['w8tk0h'],,,,,['w9olze'],,
Glass-Onion-3777,['114josp'],,,,,,,
audyntarek,['ycqgkr'],,,,['w2vhvd'],,"['13k37ln', '13jcnbc']",
youngneggus,['y57gp3'],,,,,,,
picsit,['12zeetm'],,,,,,,
AuCoDe_Tech,['10jk1ms'],,,['10knsnh'],['10mbbbg'],,,
drew-gen-x,"['12ays6h', 'vsdd0l']",,['vsdd0l'],"['12ays6h', 'vsdd0l']",,,,
its_me_cindy,"['12zp6la', 'v390fj']",['yo8hy1'],,,,,,
RyBr90,['10epgzd'],,,,,,,
dontkry4me,['10g7orf'],,,,,,,
_hiddenscout,"['108b31n', '11dha3y', '10jghuc']","['12qorcb', '10okvff']","['12u12hf', '10amo8n']","['12e3diy', '11dha3y', '10okvff']",['12r2j2b'],,,['v18lmi']
rednaxela39,['xpxnjr'],,['x6onvh'],,,,,
anunfriendlytoaster,['yl6pby'],,,,,,,
Gary6587,['v6e2nw'],['v6e2nw'],['xsinm5'],,,,,
Mitt102486,['vyx1zr'],,,,,,,
weirdgod,['11eqilj'],,,,,,,
Creative_Spend_6243,['ye0f3c'],,,,,,,
TheRogue_Orca,['zstwv9'],,,,,,,
Genevieves_bitch,['10eqyr4'],,['zyrrka'],['z38arf'],,,,
darealgeezer,"['ylkegf', 'ylkeaf']",,,,,,,
My-Internet-Persona,['12z8h4z'],,,,,,,
theodros1,,['y8fkfy'],,,,,,
queso_trades,,['zry8vc'],,,,,,
FatAspirations,,['y96ywv'],,,,,,
majestichandbreaker,,['11mbo1i'],,['1256ity'],,,,
Significant-Flow5900,,['13jpkzx'],,,,,,
Bobby-Botato,,['12hb20s'],,,,,,
RoyalAsianMunchies,,['yeyqdc'],,['yeyqdc'],,,,
neuda17,,['v26tm3'],,['v26tm3'],,,,
Joe_mother124,,['z7ghqh'],,,,,,
GonjaNinja420,,"['yehgd0', 'xqf3hg']",,['xoksim'],['xnefh3'],,,"['xns17k', 'xnx1v8', 'xoic3p']"
Romegaheuerling,,['z7ox21'],,,,,,
snapruinedmylife,,['12jvpgn'],,,,,,
pman6,,['vpiex5'],,,,,,['vpiex5']
stretch_my_scrotum,,"['132dwz4', '10iqq8g', 'uzrgaa', '132w9cj', '13qqnod', 'w9qycf']",,,,,,
YouBetterChill,,['wdemqb'],,,,,,
jjd1226,,"['13gjfiq', '13gka2r']",,,,,,
landocharisma,,['13cndqs'],,,,,,
Goldmanballsachss,,['10syxrd'],,"['10ogiok', '10syxrd']",,,,
Scalper_91,,['102nc19'],,,,,,
justCairo,,['136gtci'],,,,,,
Swimming_Low_738,,['xvx699'],,,,,,
MekkiNoYusha,,['1314zcc'],,,,,,
mikeyrocksin2021,,['x7d809'],,,,,,
wojacktrades,,['12ft2np'],,,,,"['12fvejs', '12k64mu']",
CSmith89,,['13qkr1n'],,,,,,
Designer_Put9651,,['zj4odg'],,,,,,
Money_Tough,,['yhmuoh'],,,,,,
St0nkHodler,,['xulvem'],,,,,,
abagofit,,['10r447h'],,,,,,
PhunkeePhish,,['120k0xy'],,,,,,
BruceLee247,,['xpzg03'],,,,,,
TheSiege82,,['xbnoco'],,,,,,
Wilingaway,,"['x3at6w', 'wpxt0p']",,['wpxt0p'],,['x3at6w'],,['viyn5d']
ishiboy,,['z2igim'],,,,,,
theycallmeryan,,['x0fw8b'],,,,,,
double-chief,,['10v1590'],,['10v1590'],,,,
LuDortian007,,['wvzs8d'],,,,,,
HorrorCharacter5127,,"['13i48a0', '12qmetn', '13879v0']",,['13c91tk'],,,,
KCPanther,,['w25gna'],,,,,,
optionalgod,,['10jjsoi'],,,,,,
Expert_Diamond8099,,['110bfyr'],,,,,,
pleasantapparatus,,['11zwy8a'],,,,,,
newwobblywheeler,,['136fwoy'],,,,,,
XANDER-HANK-OF-THE,,['yf4zz2'],,,,,,
supertexter,,['zqlzo4'],,,,,,
uh-oh_spaghetti-oh,,['v746bm'],,,,,,
bartturner,,"['10s1lj8', '10s1jrj']",,,,,,
Nickanator8,,['yptgif'],,,,,,
_DeanRiding,,"['124jfdk', '124jghc']",['10f6z7f'],,,,,
ThreeD710,,['10rwmhx'],,"['10rqcin', '10rwmhx']",,,,
KAthePseudonym,,"['13qttnu', '13qu32f']",,,,,,
yao97ming,,['z93uky'],,,,,,
paq12x,,['zsuvnl'],,,,,,
garruslol,,['vtscmo'],,,,,,
FoShoMyUsername,,['yezi1f'],,,,,,
Da_Notorious_HAM,,['10bhts8'],,,,,,
ElectronIII,,['xhr7qs'],,,,,,
No_Zookeepergame_27,,['xeh0yy'],,,,,,
SmaxWilliams,,['13jii6x'],,,,,,
Degenereth,,['ztoj34'],,,,,,
mrericvillalobos,,['vd1qi9'],['wqcdjs'],,,,,
BlackberryNo1850,,['yezdbt'],,,,,,
icedVader,,['10sbc2u'],,,,,,
Hot_Fortune_5015,,['1178s41'],,,,,,
lifeofpi21,,['13oa8fx'],,,,,,
srkdummy3,,['127vtza'],,['127vtza'],,['127vtza'],,
GreenDildoSurprise,,['xq21lh'],,,,,,
UnixxinU,,['11h9fpq'],,,,['11h9fpq'],,
WendysFryCook,,['z7ef8m'],,,,,,
Lilipad42,,['y3t4py'],,,,['y3t4py'],,
ThinkBigger01,,"['yoa5ej', 'yf2xgz']",['y8gt08'],,,,,
DrConnors,,"['yqsd04', 'yrmlt7']",,,,,,
Interesting_Day_4349,,['x5rgb5'],,,,,,
Tiny-Injury,,['wp3f6r'],,,,,,
yaboyalaska,,['xqbdl6'],,,,,,
PrivacyPolicy2016,,['z86ir5'],,,,,,
Yvese,,['waktaz'],,,"['w325bk', 'w32cv1']",,,
PandaOptions,,['zxkh24'],,,,,,
IT_lurks_below,,['10s71tx'],,['10s71tx'],,,,
AdMaleficent2789,,['12ta25b'],['12sf2td'],,,,,
Advent127,,['ygla55'],,['wdvusg'],,,,
Minimac1029,,['13pn50l'],,,,,,
sherwoodblount,,['wygqjl'],,,,,,
FLAPPYWINGNUTZ,,['13ogext'],,,,,,
originalusername__,,['w4gg55'],,,,,,
canon2nikon,,['10m2127'],,,,,,
gopackxxx12,,['102jd6r'],,,,,,
Rico_Stonks,,['vdvrc5'],,,,,,
3967549,,['wbuqcq'],,,,,,
popobono,,['12hco06'],,,,['10u9efr'],,
yosark,,"['vq2xey', 'vz2o44']",,,,,,
theGr8Alexander,,['yez5hs'],,,,,,
walrus120,,['12728f6'],,,,,,
Player896,,['xpzms6'],,,,,,
Linkedkin,,['zvgazk'],,,,,,
xxhydrax,,['wimrh8'],,,,,,
aausch,,['vybvfa'],,,,,,
blackalls,,['zld0b5'],,,,,,
Versace__01,,['x89u56'],,,,,,
AP9384629344432,,['y9xr61'],,,,,,
ccmarketgoats,,['z6xnc7'],,,,,,
daygo-dragonfly,,['13s3oqn'],,,,,,
bluegrassclimber,,['wh3dhf'],,,,,,
Fox_Technicals,,['13jgudo'],,,,,,
YOLOgrindset,,['z3v93y'],,,,,,
Sensitive_Source8445,,['y8qqz6'],,,['y7vz5s'],,,
cryptometav,,['137z1cg'],,['1314tu4'],,,,
idk88889,,['x8c5ic'],,,,,,
Slut_Spoiler,,"['ybpt15', 'ywhhzf']",,,,,,
AdAware93,,['12pl2hp'],,,,,,
kefeintv,,['10rs24h'],,,,,,
aquaBluu,,['yfwujj'],,,,,['12c6sbx'],
Sultan98,,['1344qdo'],,,,,,
ScalpingRepublic,,"['xy3lvg', 'xwfqeh', 'y0htld']",,,,,,"['xx81gb', 'y0htld']"
stock_122,,['zx9zfc'],,,,,,['zrkv2i']
CarlSpackler-420-69,,['13pp2w9'],['13rgzj5'],,,,,
bored_in_NE,,['zelnti'],,,,,,
Tay_Tay86,,['xromms'],,,,,,
axoxia,,['13quptc'],,,,,,
ecwworldchampion,,['10tkv0d'],,,,,,
mojojojo2069,,['1241vef'],,,,,,
RockyattheTop,,['10o92if'],,,,,,
live_rabbits,,['12rsxj3'],,,,,,
Value1991,,['zftc95'],,['zftc95'],,,,
Variety_Left,,['znle7t'],,,,,,
Away-Fly5944,,['ylis0g'],,,,,,
Godmode92,,['xrel8x'],,,,,,
RavSammich,,['113apm8'],,,,,['113apm8'],['113apm8']
amoottake,,"['wqy6lj', 'x1picm']",,,,,,
Apart-Leather-8162,,['133liu2'],,,,,,
Mondi7,,['ye6pid'],,,,,,
rightlibcapitalist,,['v2r79u'],,,,,,
dehjosh,,['zb414f'],,,,,,
Ok_Remove3123,,['106o7ce'],,,,,['107now8'],['107now8']
WorldWide_Wiz,,['xr80zc'],,,,,,
CocoJumbo31,,['10irjec'],,,,,,
piranha_studio,,['10006vj'],,,,,,
4troglodyte,,['z91yqr'],,,,,,
Justin_032,,['131z02x'],,,,,,
Cleveland17,,['y9fvox'],,,,,,
jlee9355,,['z9aqh5'],,,,,,
KCGuy59,,['13b3zka'],,"['10rh269', 'yxsbxj', 'vg9pyb']",,,,
IH8KICKFLIPS,,['xntyib'],,,,,,
Life-is-beautiful-,,['xyp9as'],,,,,,
smitchlovesfunk,,['yq1ucx'],,,,,,
nightblade509,,['wnmb4m'],,,,,,
Kianna_hd,,"['v85y4y', 'v2i1x6', 'v3qsmo', 'v8iifs', 'vanuv3']",['v2hp2y'],"['v0bypj', 'v8x5dt', 'vbshx9', 'vbd3v4']",,,,
TradingAllIn,,['12prsiw'],,,,,,
kriptonicx,,['wp4cno'],['104ql1l'],,,,,
OPINION_IS_UNPOPULAR,,['x88upv'],,,,,,
AdApprehensive8702,,['12vhawt'],,,,,,
surgeimports,,['wp89yc'],,,,,,
Drifx,,['wd6vil'],,,,,,
CQME,,['vmkke1'],,,,,,
Dependent-Recipe-962,,['x9ssv9'],,,,,,
ANTRXMNKY,,['za7gdj'],,,,,,
s1n0d3utscht3k,,"['1196451', '10otc8j', '1139twf']",,,,"['11knusf', '116ih31']",,
Lurking_In_A_Cape,,['10mdnjo'],,,,,,
Fearless_Barber_9714,,['z2x05z'],,,,,,
SufficientYear8794,,['yq17dt'],,,,,,
TheBeatdigger,,['x2li55'],,,,,,
InterestingNews1,,['x1dzsn'],,,['x1e5f5'],,,
BUYMSFT,,['13m0hg1'],,,,,,
Ok_Significance_4008,,['13jj3iu'],,,,,,
Lmitation,,"['ylgaeq', 'yff8ta']",,,,,,
IKnowMeNotYou,,,['v3dh0r'],,,,,
redisgoodboy,,,['z9r47k'],,,,,
Infoaddict2012,,,['zublia'],,,,,
mlamping,,,['10p4ilz'],,,,,
us1549,,,['zmar3s'],,,['yu7tgc'],,
Derpazoid69,,,['zr3tn1'],,,,,
AllinEmperor,,,['1092iiy'],,,,['13qumfz'],
TopDeckHero420,,,['1009h4r'],,,,,
Special_Yam_1174,,,"['zacm8p', 'z5yrpi']",,,,,
NightLK,,,['zmf4ha'],,,,,
mulkogi,,,['y5oysl'],,,,,
Warm-Hunt8586,,,['12sr9xj'],,,,,
yuuuuuuuuu,,,['11dpo4o'],,,,,
Wuggey,,,['11apb4x'],,,,,
JirenTheGay,,,"['13ir7sg', '13ir6f3']",,,,,
safari-dog,,,['wxf595'],,,,,
Proud-Organization28,,,['zwpsih'],,,,,
biggnig12,,,['x4a2jw'],,,,,
HelloItsMeXeno,,,['12rfzuf'],,,,,
bananafannaphofanna,,,['12gcxbe'],,,,,
Letitcollapse,,,['13rv55z'],,,,,
InvestoRobotto,,,['xt85zi'],,,,,
Aggravating-Doubt-65,,,['10y2rno'],,,,,
SharkSapphire,,,['10m74xr'],,,,,
dont_get_musked,,,['13rsyr6'],,,,,
Lie-Straight,,,['113wlcg'],,,,,
Embarrassed_Fennel_1,,,['xdp6v9'],,,,,
battle_rae,,,"['1117dd2', '13sglu7', '12zgut4', 'ztmku7']",,,,,
Juicy_Taters,,,['wwzm4y'],,,,,
SweeneyR0bb,,,['129pk6u'],,,,,
augustus331,,,['xpj9p1'],,,,,
Local-Rip9621,,,"['y542sn', 'y5tkcy']",,,,,
Doyoufeelme101,,,['104ingg'],,,,,
Mathguy100,,,['1284b72'],,,,,
kobe2348,,,['102p1v9'],,,,,
ErikInvest,,,['12xb7qn'],,,,,
TraderMecca,,,['w0rjig'],,,,['wrj5zj'],['w43a24']
PresidentSpanky,,,['13ro7k6'],,,,,
VextelI,,,['vntr2g'],,,,,
startedstonks04-2020,,,['1008lnu'],,,,,
yolocallking,,,['11g2rpv'],,,,,
wistful_zeitgeist,,,['vykmxo'],,,,,
OnThe45th,,,['y250ov'],,,,,
Artistic-Menu626,,,['12e24nc'],,,,,
SyndicalistCPA,,,['zgzx5g'],,,,,
Deepweight7,,,['zuwhmf'],,,,,
Bluetooth_Sandwich,,,['13rt2of'],,,,,
IS_JOKE_COMRADE,,,"['vm3djk', 'vm2se8']",,,,,
EnvynLust,,,['10yuz24'],,,,,
masteryyi,,,['xj7erp'],,,,,
Spare-Competition-91,,,['ztye6h'],,,,,
DTF_Truck,,,['xoktah'],,,,,
Jacale1,,,"['w9ld4u', 'w9lbf1']",,,,['yovpm2'],
SuperNewk,,,['12hgzwi'],,,,,
Remarkable_Guy,,,['12dqzeu'],,,,,
Elena-520,,,['z3bp4r'],,,,,
Super_Stickman13,,,['y474we'],,,,,
bolddetermine,,,['10397b2'],,,,,
FreeChickenDinner,,,['zkhipi'],,,,,
Evening-Studio-5083,,,['w3xwu6'],,,,,
Ok-Faithlessness4810,,,['13px0to'],,,,,
chrisBlo,,,['12rmjcd'],,,,,
Otherwise_Plum9333,,,['131m3ht'],,,,,
eyesofoptions,,,['12e05sn'],,,,,
AnyoneCanGetRichSlow,,,['wusi6i'],,,,,
tenfthigher,,,['10m2mvx'],,,,,
Mr_Axelg,,,['vnxe9o'],,,,,
H94025,,,"['12b3eot', '12bcotc', '10qpasz', '10qextn']",,,,,
kuriousaboutanything,,,['10rwp0x'],,,,,
Salt_Bath_2468,,,['12n11ai'],,,,,
flcon9,,,['13m5ysi'],,,,,
Head_Distribution_81,,,['126uljx'],,,,,
Insider_Research,,,['119zz3k'],,,,,
cs399,,,['100f3oj'],,,,,
Mundane-Leave-8298,,,['10mqz3v'],,,,,
dazza098,,,['10zfyjt'],,,,,
pineapplelover1213,,,['12bnw25'],,,,,
Some-nexx-guy,,,['13lxyu4'],,,,,
active_mining,,,['102zjj6'],,,,,
InTooDeep024,,,"['ye762j', 'ye74r4']",,,,,
twarr1,,,['yctrbl'],,,,,
sendokun,,,['vq4kfk'],,,,,
Marketspike,,,['w4iil3'],,,,,
tang4685,,,"['zmp0uv', 'yrzodf', 'y03gsh', 'y6u7up']",,['yabqp0'],['yefki0'],,
Double-Mousse-2775,,,['vjksbe'],,,,,
DangerStranger138,,,['11dnw12'],,,,,
Wolfpack-rider,,,['10k9lkc'],,,,,
nams0,,,"['zkbecu', 'y8d11k', 'w3w6bx']",,,['12zynht'],,
rifleman209,,,['zuaium'],,,,,
koreanbabo101,,,['zeg2vh'],,,,,
lightsfavorite,,,['y3jmgz'],,,,,
gowrisankar1989,,,['v41qnd'],,,,,
senttoschool,,,['yr7abh'],,,,,
Rim_World,,,['10owg24'],,,,,['10qbdk1']
Early-Answer531,,,['v8eon9'],,,,,
chinespa,,,['13d45ax'],,,,,
tebedam,,,['yz5nzr'],,,,,
breakyourteethnow,,,"['10opbg1', '10ksfsn']",,,,,
Akdkfifbbhg,,,['10tlqno'],,,,,
Bluest_waters,,,['104fdl6'],,,,,
alphagoescrazy,,,"['zg5hif', 'yrkmcq', 'z9qxz1']","['z12e8k', 'z12eoh']",,,['ywwvzi'],
If_I_was_Nero,,,['y0v7ms'],,,,,
MorningTendies,,,['12ax30m'],,,,,
kjmass1,,,['z679qj'],,,,,
CareExpensive4430,,,['12tr2m0'],,,,,
Trader-MT,,,['w3ofni'],,['w3ofni'],,,
cupofchupachups,,,['vp5yxc'],,,,,
francis4396,,,"['129ugmr', 'ynx5y1']",,,,,
ThouArntReady,,,['yqz4ml'],,,,,
Ok-ChildHooOd,,,['12ec2zo'],,,,,
LordBenjamin020,,,['127r225'],,,,,
marketGOATS,,,"['ytlgev', 'yd2sj0']",['yyf9lf'],,"['xrfmx7', 'xkcxr5', 'xlfxin']",,
nowrongturns,,,['zwplnh'],,,,,
danielromero6,,,['v3b8iy'],,,,,
Available_Hamster_44,,,['107af81'],,,,,
FIREWithCrypto,,,['12ka0d3'],,,,,
dangit1590,,,['ymj9wc'],,,,,
Giants4Truth,,,['zaqc6m'],,,,,
thatflyguy954,,,['12lx68t'],,,,,
reddituser1234566789,,,['zpxsse'],,,,,
StrokesAndSpokes,,,['ztzzhp'],,,,,
Middle_Name-Danger,,,['12gsk8t'],,,,,
LavaSquid,,,['zvl0ug'],,,,,
JEDiH1204,,,['11ehhzc'],,,,,
ddmoneymoney123,,,['zu5dty'],,,,,
carsonthecarsinogen,,,"['yuln4j', 'za7o0i']",,,,,
Justwain,,,['11jxd4k'],,,,,
Brakonic,,,['11gdpdq'],,,,,
fr33g,,,['109cr2c'],,,,,
commonsearchterm,,,['yyd9t7'],,,,,
Any-Interaction-2820,,,['12v9vm4'],,,,,
ThreeSupreme,,,['wdmmdk'],,,,,
hype_cycle,,,['va5fi5'],,,,,
yewac,,,['w8u5h9'],,,,,
DrixlRey,,,"['xuru7s', 'wh46an', 'xxin2h']",,,,,
Randomly_Generic,,,['10pkib8'],,,,,
Legitium,,,['13ffoeo'],,,,,
_TAXMAN,,,['13siw1k'],['yskffr'],,,,['yskffr']
GadnukBreakerOfWrlds,,,"['yq5y61', 'v3tv3s', 'xtv3zs']",['103j10j'],,,,['vcdf2m']
LobsterFlavoredMelon,,,['10nj5ni'],,,,,
Mob1lis_in_mobil1,,,['13j8kxk'],,,,,
becool773,,,['yzfl3w'],,,,['103ze3s'],
ProcedureFun410,,,['12kkdkr'],,,['13omycd'],,
Brightnels,,,['vnkx6m'],,,,,
sheya55,,,['13s2rqj'],,,,,
Squalose,,,['13a66ka'],,,,,
rockinoutwith2,,,"['zlf435', 'wkl559']","['yf1ztd', 'yv3n9a']",['y33wpe'],"['11kmpqe', 'yo2j3k', 'xkkifw', 'vol6bl']",['wj8gj3'],
Dynasty__93,,,['yehduf'],['yl84ff'],,['yegrjq'],,
Charoenlai,,,"['10cgrbc', '10b68xz', '10by2pc']",,,,,['13nb8mh']
Ok_Wait1493,,,['13ih8yf'],,,,,
Battered_Grit,,,['y93tj6'],,,,,
cdacunha11,,,['12kqmgy'],,,,,
scott_jr,,,"['12tjyi4', '12jx22v']",,,,,
redmars1234,,,"['zr0jvz', 'zdgq6c']",,,,,
whatsuppaa,,,['vcte4m'],['wqzuyl'],,,,
ThisIsExxciting,,,"['v2rnyn', 'uzec1r']",,,,,
sun-devil2021,,,['137x1m9'],,,,,
Gray_Charles,,,['11lzm6c'],,,,,
d0nttasemebr0,,,['xd54xj'],,,,,
Captain490,,,['y5v09j'],,,,,
pittluke,,,"['12xnupk', '102e81e']",,,,['13kztsd'],
prettyboyv,,,['vv28yu'],,,,,
Magister1995,,,"['102omf4', 'z6j7pl', 'zefz68']",,,,,
Texas_Rockets,,,['zudt25'],,,,,
United_Bet42069,,,['13ku976'],,,,,
TSLA4LIFE1,,,['10iwv6e'],,,,,
gns_a,,,['y8uk09'],,,,,
Smooth_Operator2875,,,['1168ocy'],,,,,
k_ristovski,,,"['zv1dxh', 'zz8vg9']",,,"['135z2qg', 'ynuo2k']",,
Alarmed-Spite3065,,,['11fo6zq'],,,,,
SablePotassium,,,['1039c0s'],,,,,
phatelectribe,,,['vxi1zm'],,,,,
Euro347,,,"['13pv33p', '13lg4f1', '13127qi']",,,,"['13t7o8o', '13127qi', '11kgk8e']",
Moist_Berry5409,,,['yp9kje'],,,,,
johnwayne2413,,,"['zuw0lf', 'zx2ver']",,,,,
pembquist,,,['ytdt6e'],,,,,
UltimateTraders,,,['12tbrek'],,"['12r8zlp', 'x6f0d4']",,,
Super_Cardiologist88,,,['zv03ht'],,,,,
Ok-Parsley-1681,,,['11fge8t'],,,,,
Sedrick-Vlan1,,,"['zxtkkg', 'zxtjmw']",,,,,
MinaKovacs,,,['yabqan'],,,,,
InanetV,,,['w3ycvu'],,,,,
value1024,,,['10l8243'],,,,,
5oco,,,['xyyuqw'],,,,,
AdamCaveRoberts,,,['yq1kzp'],,,,,
Tannir48,,,['11i0o6a'],['108rngw'],,,,
Neat-Championship100,,,,['yx3see'],,,,
SoundsgoodTftalks,,,,['zgq4x9'],,,,
Putitontheline,,,,['1329njv'],,,,
yimiemie,,,,['yrnjxb'],,,,
Jackontana,,,,['v8ori6'],,,,
Fire_Your_Advisor,,,,['1313ppw'],,,,
ABugsLife123456,,,,['ysdaae'],,,,
snippythehorses,,,,['wb3l4m'],,,,
KazukiPUWU,,,,['yjh234'],,,,
PocketJacksComics,,,,['wubrfr'],,,,
DonJuanMigs,,,,['yfpg8s'],,,,
rascally1980,,,,['vp121d'],,,,
Progress_8,,,,['ylclyx'],,['10ro870'],,
Cranky_Crypto,,,,['w1ku88'],['w1ku88'],['w6cdha'],"['xlb7lo', 'wwwl8x']",
ZhangtheGreat,,,,['12r9btf'],,,,
20k2one50k2NADA,,,,['ygliy9'],,,,
SavvyJones,,,,['v4wf5o'],,,,
8bitaficionado,,,,['wxc88k'],,,,
notimefornick,,,,['wrer3d'],,,,
Wrong_Raspberry_3202,,,,['12z19za'],,,,
Truetree9999,,,,['wls0im'],,,,
iwantyourforskin,,,,['zoib7v'],,,,
Southern_Onion3672,,,,['114d8lo'],,,,
baekachu,,,,['13klhz0'],,,,
zeddrahl,,,,['was5ns'],,,,
EatMaTesticles,,,,['103m20s'],,,,
Ben_aid,,,,['136chqd'],,,,
xrt679,,,,['11ww3oy'],,,,
Clarkgriswoldwannabe,,,,['wxf3z4'],,,,
Samuelk2202,,,,['vcwaws'],,,,
riftxraff,,,,['103sh1g'],,,,
Global_Soft_4278,,,,['wwnfex'],,,,
Tiny-Pay6737,,,,['v6f4aw'],,,,
Tiaan,,,,['vwrl06'],,,,
JLARGE53,,,,['wrl2d4'],,,,
yourtechstoryblogs,,,,['134li1q'],,['135k7lc'],,
JarJarBinksShtTheBed,,,,['v242qq'],,,,
FetalFace,,,,['113w5u8'],,,,
sa_overlord23,,,,['v0rbrj'],,,,
Glandryth,,,,['xrno0a'],,,,
boofat,,,,['10fu8qp'],,,,
GoalRoad,,,,['10e23e6'],['10e23e6'],['10e23e6'],,
blackdragon1299,,,,['10tuaet'],,,,
Mouse_Numerous,,,,['vwo2gl'],,,,
Big_Forever5759,,,,['v6vked'],['vg473q'],['v152jx'],,
DoubleTFan,,,,['yekzhy'],,,,
MBMeat52,,,,['y01ex5'],,,,
McFatty7,,,,['118fubf'],,"['119dmnb', '11sdufp']",,
ricke813,,,,['wyjkyg'],['v7tk1o'],,,
DanielzeFourth,,,,['12ubl5s'],,,,
isaacbunny,,,,['x1d4sa'],,,,
GringoExpress,,,,['w2jn95'],['vc6j74'],,,
SomeOneRandomOP,,,,['w285tz'],,,,
BoC-Money-Printer,,,,['115imyp'],,,,
testTester123123,,,,['1364iqz'],,,,
academic_messi,,,,['zlj2w5'],,,,
Sherbear1993,,,,['zbkxm7'],,,,
biz_student,,,,['x2pdks'],,,,
GRDT_Benjamin,,,,['yd9a83'],,,,
gorays21,,,,['wy89r6'],,,,
Adossi,,,,['zy6sjy'],,,,
wakozor,,,,['wy6fjn'],,,,
Zavarakat,,,,['wkz33x'],,,,
dysto666,,,,['y3kw3g'],,,,
ShopperOfBuckets,,,,['yf2304'],,,,
Appropriate-Top-6076,,,,['yxq0x4'],,,,
BlazingJava,,,,['104qlu8'],,['yl54m8'],,
Revolutionary-Ad4853,,,,['10rtesi'],,,,
wander9077,,,,['zq5cdc'],,,,
Possible_Ad5461,,,,['137go8r'],,,,
alexc2020,,,,['wwirm8'],,,,
IceColdWorm,,,,['wiov5b'],,,,
TheFamousHesham,,,,['13dm673'],,,,
ornamental_stripe,,,,['103khub'],,,,
kampalt,,,,['x2ewd9'],,,,
CDNWSYOLOER,,,,"['12sgk6b', '118nje3', '10xlhxa']",,,,
freezetime311,,,,['11reefm'],,,,
DMAXonyourface,,,,['v03qjk'],,,,
Dr_Cigs,,,,['wgw9cs'],,,,
goldengatos2015,,,,['y6u5um'],,['y6u5um'],,
bigtechdroid,,,,['v4m3bh'],,,,
TheRobinhoodTrader,,,,['wbev6i'],,,,
TheRNGsus,,,,['yltj7i'],,,,
Kurdi_pharma,,,,['y63it5'],,,,
Bajeetthemeat,,,,['vblypr'],,,,
Trashy_designs,,,,['131zocc'],,,,
fighterjet009,,,,['wwvrxs'],,,,
freeridevt,,,,['zbv48g'],,,,
NotTarkovRedditor,,,,['131fnaw'],,,,
999novanity,,,,['yf27dp'],,,,
jpeezy112,,,,['13t85gn'],,,,
manny_boy,,,,['12il7jd'],,,,
Petikosaa,,,,"['11r8ixz', '11lthij', '10f8qmp']",,,,
Catgang_Lock,,,,['yhmyn5'],,['yhmyn5'],,
Paradox68,,,,['125ui0d'],,,,
Jeffbak,,,,"['10s17ya', '104k1vs']",,,,
GodIsAPizza,,,,['wmpivl'],,,,
Horror-Comparison927,,,,['13076mu'],,,,
Famous_Row4875,,,,['vbe1ji'],,,,
caesar____augustus,,,,['10s0w5l'],,,,
Accomplished-Bill-45,,,,['xt88cu'],,,,
shrickness,,,,['wi1ua7'],,,,
Hanzoisbad,,,,['1066j8f'],['138q0z6'],,,
hobbit604,,,,['wuwiqx'],,,,
CopperMurphy,,,,['10rrelm'],,"['10r9dei', '10rrelm']",,
LibraryExternal5168,,,,['10n7wgs'],,['10n7wgs'],,
hegui,,,,['10vbbc4'],,,,
darkdisaster66,,,,['zo3sec'],,,,
tenidelover69,,,,['yvkezo'],,,,
kryptonite848,,,,['yf7sud'],,,,
bradocapital,,,,['wal4hd'],,,,
samtony234,,,,['y3v1fn'],,,,
ReviewEquivalent1266,,,,['wxo5um'],,,,
pnutbutterbaconsammy,,,,['vs6i57'],,,,
Consistent-Rice-8117,,,,['11xyfem'],,,,
RogueDisciple,,,,['w598rv'],,,,
jojogever,,,,['12v9akc'],,,,
TowelEntire6355,,,,['11pbyh8'],,,,
amChadson,,,,['wfe794'],,,,
LuckyMango_25,,,,['wkgthd'],,,,
Screw7788,,,,['ywg525'],,,,
Didntlikedefaultname,,,,['10siv4d'],,,,
OmegaThree3,,,,['ybq3ko'],,,,
helllojelllo,,,,['13194fy'],,,,
vthallam,,,,['10s1c25'],,,,
Rivian-Bull-2025,,,,['wtn5vs'],,"['wsv3xw', 'wt531q']",,
adioking,,,,['13431x1'],,,,
Scorface,,,,['wzlv70'],,,,
Ratchad5,,,,['vscvjb'],,,,
manolo533,,,,['v65l2z'],,,,
pintord,,,,['1310iqm'],,,,
namastehealthy,,,,['wrft1n'],,,,
LogiclyTh0nking,,,,['10zaxec'],,,,
Eve_Ai_Jiang,,,,['w3rv1i'],,,,
ETFInsider,,,,['107jgsc'],,,,
T1m3Wizard,,,,['yjrltj'],,,,
Worldly-Committee-48,,,,['10ginl5'],,,,
Loading_Loading,,,,['ye131u'],,,,
MAC3113,,,,['10p92oh'],,,,
Clickvc,,,,['wak7hx'],,,,
Grand-History138,,,,,['xu7v4u'],,,
Chester-Ming,,,,,['10xtw4z'],,,
aiapeinvestor,,,,,['y5bt0i'],,,
BadAtVidya92,,,,,['10r3tir'],,,
Winter_Resource3773,,,,,['12lfj56'],,,
Minimum_War_4338,,,,,['vn9vd3'],,,
B3stAuD1t0rofA11tiME,,,,,"['zs0mj7', '127vaif', '10gm5y7']",,,
kmac8008,,,,,['w37j31'],,,
Gretfree,,,,,['12q4wvb'],,,
SnooEagles8588,,,,,['xt7evs'],,,
Conflict-Solid,,,,,['w9tsot'],,,
sandeep4386,,,,,['v6v3ze'],,,
SuperBearPut,,,,,"['10gc4r0', '10h6uti']",,,
SuccessGaming,,,,,['x42adx'],,,
CriticallyThougt,,,,,['w3ijko'],,,
cwarfox,,,,,['10lpt07'],,,
flappa102,,,,,['yarzpf'],,,
uncowisdo,,,,,['xt43vl'],,,
Centistry,,,,,['10rj55a'],,,
DrogonTargarian,,,,,['ykk3ob'],,,
pokemon12312345645,,,,,['10s8158'],,,
cmbigcatcm,,,,,['10s3yeb'],,,
Even_Door_6826,,,,,['x09x0k'],,,
starterxy,,,,,['v7pmrm'],,,
rockycolavito10,,,,,['10r5ivm'],,,
mcdermottj,,,,,['xvoggl'],,,
SomeDrunkAssh0le,,,,,['zsq06b'],,,
Mother-Health-4491,,,,,['w2gqjg'],,,
Background_Umpire_82,,,,,['vp5raw'],,,
Kakashibuns,,,,,['11zne0w'],,,
TowerOfSatan,,,,,['ye1g75'],,,
LikeBigStonksCantLie,,,,,['zfnqkz'],,,
starbetrayer,,,,,['130iwfm'],,,
InvestingPals,,,,,['w2tqjj'],,,
Emergency-Virus-4116,,,,,['y7tq16'],,,
DistraugtlyDistractd,,,,,['y8zicq'],,,
BigTechEqualsValue,,,,,['vs1z7z'],,,
Pottytrainedluchi,,,,,['y6l4qq'],,,
hussmann,,,,,"['13q4klz', '13r2b4f']","['13o8kts', '11zvtbg']",,
bazilelkin,,,,,['y6uv87'],,,
Tyngast,,,,,['wn8tq3'],,,
Brothanogood,,,,,['vj4360'],,,
HEAL3D,,,,,['y8d5xs'],,,
behind_looking_glass,,,,,['1137nsy'],,,
big--if-true,,,,,['uz8rw4'],,,
hasaturban,,,,,['w34rkx'],,,
changeinthegame,,,,,['yetv0f'],,,
ekrom399,,,,,['xva8bd'],,,
MateriaMan64,,,,,['10rr4e5'],,,
alopz,,,,,['xscgdz'],,,
AdPsychological8499,,,,,['10rskab'],,,
bluewhale65,,,,,['10rwi70'],,,
redditposter7,,,,,['y19kt1'],['y19kt1'],,
mimoe7,,,,,['yo63ga'],,,
zitrored,,,,,['w3ci16'],,,
lordluciferhimself,,,,,['w3b0ai'],,,
xUniversalx,,,,,['xsuarn'],,,
JokerQuestion,,,,,['y7houe'],,,
roamerofreddit,,,,,['10r4yu3'],,,
Toastyzxm,,,,,['v18cqj'],,,
Ok_Situation_142,,,,,['103e0rq'],,,
Dild0-Faggins,,,,,['vln79s'],,,
Brawmethius,,,,,['y7sx4o'],,,
Moe_unknown,,,,,['w1i72t'],,,
Jawsumness,,,,,['yyfcbj'],,,
Babu__Moshai,,,,,['y89u85'],,,
throwawayKen97,,,,,['10gdto8'],,,
LogicalAnswerk,,,,,['10fgxk7'],,,
707lurker,,,,,['xruxb2'],,,
z-grade,,,,,['w3pcgr'],,,
demian_vii,,,,,['10kounf'],,,
pvs88,,,,,['z4rdzb'],,,
Housefunddad,,,,,['xxuct9'],,,
ssyniu,,,,,['zqnp76'],,,
overmind1632,,,,,['12ra01x'],,,
SheikhaMama,,,,,['xtzhw7'],,,
Jedimaster0481,,,,,['10laizw'],,,
purplegrape28,,,,,['10rcqfq'],,,
Optimal_Land7816,,,,,['10gl0m5'],,,
What_is_Value,,,,,['xmx4xg'],,,
pyrametrik,,,,,['wqat1l'],,,
krush38,,,,,['xxe5j2'],,,
SimpleJack_ZA,,,,,['vtpu54'],,,
PsychologicalCat7130,,,,,['10r25xi'],,,
Agreeable-Mention208,,,,,['10g54hb'],,,
JHMarty,,,,,['10e5i17'],,,
One-Wolverine1121,,,,,"['vvsitp', 'w5lsg8']",,,
optionsforcash,,,,,['ya61ry'],,,
Nicolas_Climber,,,,,['10shl84'],,,
SamsonTrading,,,,,['y46zgz'],,,
c2lead,,,,,['w21ibs'],,,
KIIVIIN90,,,,,['xtog0u'],,,
Rd21Bn,,,,,,"['13f0riy', '10uge0i', '1162spp']",,
Lord_Goose,,,,,,['ycwp5z'],,
No_Minute9806,,,,,,['10s1ovn'],,
Proud_Walk1136,,,,,,['10s6ay1'],,
TraderNate-,,,,,,['zuugwq'],['11zxszk'],
Internal_Brain8420,,,,,,['135thbn'],,
SAT0SHl,,,,,,['11r6uxz'],,
Persona2181,,,,,,['yee2kh'],,
eatbuttiro,,,,,,['yhfvuf'],,
Zapermastic,,,,,,['126sqep'],,
TimCramer,,,,,,['yf7afq'],,
RunningJay,,,,,,['vsjmpn'],,
ReapZZ20,,,,,,['xrec5n'],,
throwawayaccountuse1,,,,,,['yf06ee'],,
iwillbeanonymous,,,,,,['10rtuco'],,
TheOriginalRK,,,,,,['10rc369'],,
That_Teach_9224,,,,,,['zovjuq'],,
Remarkable-Ganache-8,,,,,,['vjk1gy'],,
Kooker321,,,,,,"['12bkkh8', '10rvv5c', 'wmqxgx']",,
monitorcable,,,,,,['wgze4p'],,
Head-Emergency1673,,,,,,['12zyb9c'],,
Sweet-Count2557,,,,,,['10lbr9m'],,
AwesomeMathUse,,,,,,['10ran75'],,
itsallinthestorycap,,,,,,['13455aw'],,
Not_a_S0cialist,,,,,,['10ecc71'],,
asdffded,,,,,,['yfiolo'],,
Boo_Dough,,,,,,['yecz8a'],,
jekyllfed,,,,,,['13juo4m'],,
SquareCircleThrow,,,,,,['zhympv'],,
NoneScan65,,,,,,['125um24'],,
uselessadjective,,,,,,['yp4j6z'],,['yp4j6z']
Guinness511,,,,,,['yerxpb'],,
betsharks0,,,,,,['13ol2ln'],,
Late-Camel-2084,,,,,,['12ohtp6'],,
d099z,,,,,,['10hwag0'],,
SpicySummerChild,,,,,,['13kxcf1'],,
fidiasi,,,,,,['yaqjwt'],,
hollagetdollas,,,,,,['x7gd8d'],,
Loud_Pineapple_4294,,,,,,['13jf8ql'],,
Internal_Control_320,,,,,,['yeb6ws'],,
Johnny_Yukon,,,,,,['xgksnz'],,
JournalistFew2794,,,,,,['ymrvvs'],,
JRoss824,,,,,,['x599jn'],,
fever99,,,,,,['w6egca'],,
qanners,,,,,,['wf0skz'],,
ausheat,,,,,,['yez5qn'],,
nafizzaki,,,,,,['yeuawn'],,
Campfireandhotcocoa,,,,,,['10r6jkb'],,
upstreamer1,,,,,,['12gquex'],,
InvestingInStartups,,,,,,['x5x8mx'],,
cookingboy,,,,,,['1305lzy'],,
Naren_the_747_pilot,,,,,,"['1197cmp', '12rl9jn', '116k1kw', '11951lh', 'yqfstl']",,
newleafkratom,,,,,,['yhfjdo'],,
chomy10,,,,,,"['y2q516', 'ygch3u']",,
marco_nuovi,,,,,,['xa3ja1'],,
MichaelKayeBooks,,,,,,"['xywqcf', 'y7dm13']",,
UncookedNoodle09,,,,,,['yo0gc4'],,
asmit10,,,,,,"['12mqwh1', '12m9mqy', '11h9vyp']",,
Valachio,,,,,,['12be5a8'],,
Zhukov-74,,,,,,['13onqvj'],,
AlexJiang27,,,,,,['y1cdir'],,
Wern1369,,,,,,['yenmuk'],,
KendallRoy,,,,,,['yf2lj2'],,
KCMO2025,,,,,,['yo4dgi'],,
TheLilBubble,,,,,,['11rtcqj'],,
grantoman,,,,,,['yzmiox'],,
ravioli_bruh,,,,,,['ycpd32'],,
k0ug0usei,,,,,,['1101lbg'],,
dnsisins,,,,,,['10spep1'],,
ILoveDogs2142,,,,,,['yi55eo'],,
Putmilk404,,,,,,['130mpi5'],,
Grimsipper,,,,,,['xhq0s3'],,
IWasThere4GME,,,,,,['yspos7'],,
putridfries,,,,,,['10rzh9u'],,
shenanigans38,,,,,,['11raea3'],,
stopthebanham,,,,,,['10rv5ho'],,
flipnonymous,,,,,,['134p0qn'],,
yikesthismid,,,,,,['11v8ik7'],,
BigPeninsula,,,,,,['z7sqcw'],,
Werdna168,,,,,,,['13kwls2'],
BosSF82,,,,,,,['13rfnwb'],
RevengeoftheCuck,,,,,,,['11elp6f'],
jaypowwow,,,,,,,['13rofuj'],
DiamondRider21,,,,,,,['13sc1b6'],
Vitta_89,,,,,,,['13jgw81'],
SunStockMan,,,,,,,['y72vjc'],
putsandcalls,,,,,,,['13razs0'],['13razs0']
Fountainheadusa,,,,,,,"['122to9w', 'wxjwcg']",
babyburger357,,,,,,,['13s8kiu'],
shralplife,,,,,,,['vp7898'],
lemenick,,,,,,,['11ydq3o'],
Lucha666,,,,,,,['11eg5j4'],
Unlikely_Field1622,,,,,,,['13qxjvo'],
TechnoForBreakfast,,,,,,,['v9emm3'],
RememberYo,,,,,,,['119g7lv'],['x1w0ig']
TheDalesReport_,,,,,,,['13r4wpc'],
No-Math-5079,,,,,,,['13srrev'],
bosma014,,,,,,,['13qovib'],
infoloader,,,,,,,['13quve4'],
Worldly_Ad8977,,,,,,,['13rpsxo'],
Mcdolnalds,,,,,,,['10mwaed'],
jchaim99,,,,,,,"['12t8knu', '12t87ym']",
j__p__,,,,,,,['13ie6yj'],
Tailx,,,,,,,['xfrp4r'],
OutofTownInvestor,,,,,,,['13kjr9b'],
pcake1,,,,,,,['12q7y33'],
Fausterion18,,,,,,,['13ri4g3'],
ShittyStockPicker,,,,,,,['xksm6w'],
Outof_ITM,,,,,,,['13sf5yw'],
AbuSaho,,,,,,,['13ta78u'],
NY10,,,,,,,"['13l7fzf', 'x0up84']",
AidanVillegas,,,,,,,['12tihwl'],
SlazyBlade,,,,,,,['13rjq9l'],
ImaginarySector366,,,,,,,['13s17tn'],
Elite-to-the-End,,,,,,,['vj2ruz'],
ManlyMCM,,,,,,,['13s42ok'],
djdmaze,,,,,,,['ymimbm'],
Fruitful_Picks,,,,,,,['13ror7l'],
Amazing_Hand_2153,,,,,,,['11b1h0a'],
wearahat03,,,,,,,['x1hmmf'],
JJ2527,,,,,,,['11donti'],
gsk694,,,,,,,['13rjtrm'],
Virus4762,,,,,,,['wfp8rt'],['wfp8rt']
VotedOut,,,,,,,['13jjd1d'],
norcalnatv,,,,,,,['13p1y87'],
SirGasleak,,,,,,,['11a2ssn'],
midweastern,,,,,,,['xjelj6'],
moldyjellybean,,,,,,,['12hwpji'],
sarmadsa_,,,,,,,['13s74nv'],
Daddy-OH-77,,,,,,,['w8usn3'],
ApexGambit,,,,,,,"['13qyndy', '13rvu4z']",
zerof3565,,,,,,,['13a5v9i'],['13a5v9i']
styxnstoner5787,,,,,,,['12bxqo4'],
Phil_smash,,,,,,,['13sgo8y'],
Canadianinvestor1997,,,,,,,['13rjb2i'],
Horanis,,,,,,,['wjfuxh'],
Emergency_Style4515,,,,,,,['13t97uk'],
Thurmulx,,,,,,,['v26du9'],['v26du9']
son9090,,,,,,,['13kcqkf'],
macrosquid,,,,,,,['13m9lmi'],
BloodBathandBe-Long,,,,,,,['13riby9'],
Far_Otium,,,,,,,['13rqrf6'],
Syab_of_Caltrops,,,,,,,['13rwsa3'],
ST530,,,,,,,"['13lkjvp', '13lkipz', '13lki8i']",
cbusoh66,,,,,,,['13rv7ov'],
1ncehost,,,,,,,['13lb98n'],
Objective-Service324,,,,,,,"['13qxrr4', '13rj5sh']",
iBeFlying676,,,,,,,['13qzr16'],
echisholm,,,,,,,['11g2pc2'],
Zacharyalexanderl,,,,,,,,['xvq5rb']
DamnMyAPGoinCrazy,,,,,,,,['13f2tbe']
Spoony96,,,,,,,,['xk6xcy']
Shandowarden,,,,,,,,['xxfcsr']
The_OG_Steve,,,,,,,,['10je5rv']
aparker79,,,,,,,,['x3hz5k']
CrazyHeadshotJR,,,,,,,,"['13socyj', '13riudw']"
koenigej,,,,,,,,['x3894j']
renz004,,,,,,,,['xjky1q']
singam_15,,,,,,,,['xexiah']
Defiant-Walk-8330,,,,,,,,['10uhz2r']
Wrong-Helicopter5229,,,,,,,,['13snfir']
BadlanderOneThree,,,,,,,,['10hyf98']
SpongebobSoundByte,,,,,,,,['yotxoq']
Physical-Ad-8997,,,,,,,,['vnhin2']
xxxkaton,,,,,,,,['xabewd']
TemporaryDark9121,,,,,,,,['xya0rg']
NecessaryStrength101,,,,,,,,['12bbbwn']
Grizzzlybearzz,,,,,,,,"['10q5897', '10qw8pz']"
ryebread_10,,,,,,,,['xybwrx']
0utspokenTruth,,,,,,,,['xn8b48']
Ill-Addition2024,,,,,,,,['107q7w3']
rocket6733,,,,,,,,['wfhrx6']
RealSupersilvertoon,,,,,,,,['yg1u1t']
--TinyTim--,,,,,,,,['10q2f3i']
dumbledoreRothIRA,,,,,,,,['11w770e']
oooooooooooopsi,,,,,,,,['v23n2f']
triviumfan4ever93,,,,,,,,['wg7t3g']
LEODAVINCIsub,,,,,,,,['z3qhfx']
GAMEST0P,,,,,,,,['13psxva']
Odd-Block-2998,,,,,,,,['x2tw1f']
generic_commenter99,,,,,,,,['13doy2u']
sonicvoltron,,,,,,,,['12k4sdq']
KekBet,,,,,,,,['ylfgjw']
dyson_vacuum_,,,,,,,,['xrkjb8']
rebelo55,,,,,,,,['yjkq32']
v10climbz,,,,,,,,['yutpvc']
poof_poof_poof,,,,,,,,['wtgt6u']
j58tf2,,,,,,,,['13rijw7']
Famous-Ad-3359,,,,,,,,['xr2dzr']
Embarrassed_Box_2217,,,,,,,,['zupwfe']
Billboard_1183,,,,,,,,"['127a0hx', '108aral', 'wea08q']"
Pata4ev,,,,,,,,['wd0szf']
MythicalManiac,,,,,,,,['xl78k7']
AaronDotCom,,,,,,,,['12k201r']
Deviusoark,,,,,,,,['zf3omw']
Wojofoo,,,,,,,,['y8wchu']
MrObviouslyRight,,,,,,,,['wx9tqo']
finaldestan1,,,,,,,,['vnl26a']
juanly_xx,,,,,,,,['vnlvmr']
iEchoWulf,,,,,,,,['xlgp8x']
ResponsibilityLife51,,,,,,,,['ycpkhi']
deeedubb,,,,,,,,['ylsf35']
KompetenzDome,,,,,,,,['100vne3']
DRKMSTR,,,,,,,,['13siib1']
prafet,,,,,,,,['vluykn']
Neofire9999,,,,,,,,['wec2q3']
RUFUSINS,,,,,,,,['wbqyqu']
Pahlawan_Ketupat,,,,,,,,['119kpwa']
jamtradez,,,,,,,,['xxge0l']
Oltia,,,,,,,,['x6cidf']
